title,price,date
Bajaj PX 97 Torque New 36L Personal Air Cooler For Room,"6,099",2025-02-15
Bajaj PX 97 Torque New 36L Personal Air Cooler For Room,"6,099",2025-02-15
Bajaj PX 97 Torque New 36L Personal Air Cooler For Room,"6,099",2025-02-15
Bajaj PX 97 Torque New 36L Personal Air Cooler For Room,"6,099",2025-02-15
Bajaj PX 97 Torque New 36L Personal Air Cooler For Room,"6,099",2025-02-15
Bajaj PX 97 Torque New 36L Personal Air Cooler For Room,"6,099",2025-02-15
Bajaj PX 97 Torque New 36L Personal Air Cooler For Room,"6,099",2025-02-15
Bajaj PX 97 Torque New 36L Personal Air Cooler For Room,"6,099",2025-02-15
Bajaj PX 97 Torque New 36L Personal Air Cooler For Room,"6,099",2025-02-15
Bajaj PX 97 Torque New 36L Personal Air Cooler For Room,"6,099",2025-02-15
Bajaj PX 97 Torque New 36L Personal Air Cooler For Room,"6,099",2025-02-15
Bajaj PX 97 Torque New 36L Personal Air Cooler For Room,"6,099",2025-02-15
Bajaj PX 97 Torque New 36L Personal Air Cooler For Room,"6,099",2025-02-15
Bajaj PX 97 Torque New 36L Personal Air Cooler For Room,"6,099",2025-02-15
Bajaj PX 97 Torque New 36L Personal Air Cooler For Room,"6,099",2025-02-15
Bajaj PX 97 Torque New 36L Personal Air Cooler For Room,"6,099",2025-02-15
Bajaj PX 97 Torque New 36L Personal Air Cooler For Room,"6,099",2025-02-15
